method,uri,action,middleware,permissions,sensitive,controller_authorize_call,form_request_authorize,transition_guard_hint,transition_guard_signal,risk
GET,/api/documentation,"L5Swagger\Http\Controllers\SwaggerController@api","L5Swagger\Http\Middleware\Config",,no,no,no,not_applicable,read_only_route,low
GET,/docs,"L5Swagger\Http\Controllers\SwaggerController@docs","L5Swagger\Http\Middleware\Config",,no,no,no,not_applicable,read_only_route,low
GET,/docs/asset/{asset},"L5Swagger\Http\Controllers\SwaggerAssetController@index","L5Swagger\Http\Middleware\Config",,no,no,no,not_applicable,read_only_route,low
GET,/api/oauth2-callback,"L5Swagger\Http\Controllers\SwaggerController@oauth2Callback","L5Swagger\Http\Middleware\Config",,no,no,no,not_applicable,read_only_route,low
GET,/sanctum/csrf-cookie,"Laravel\Sanctum\Http\Controllers\CsrfCookieController@show",web,,no,no,no,not_applicable,read_only_route,low
GET,/api/v1/health,Closure,api,,no,no,no,not_applicable,read_only_route,low
POST,/api/v1/auth/login,"App\Http\Controllers\Api\V1\Auth\AuthController@login",api,,no,no,yes,not_applicable,non_transition_mutation,low
POST,/api/v1/auth/register,"App\Http\Controllers\Api\V1\Auth\AuthController@register",api,,no,no,yes,not_applicable,non_transition_mutation,low
POST,/api/v1/auth/logout,"App\Http\Controllers\Api\V1\Auth\AuthController@logout",api|auth:sanctum,,no,no,no,not_applicable,non_transition_mutation,low
GET,/api/v1/auth/me,"App\Http\Controllers\Api\V1\Auth\AuthController@me",api|auth:sanctum,,no,no,no,not_applicable,read_only_route,low
POST,/api/v1/internal/run-tests,"App\Http\Controllers\Api\V1\Internal\QaValidationController@run",api|auth:sanctum|tenant|financial.protection|branch.scope|subscription|permission:users.update,users.update,yes,no,no,not_applicable,non_transition_mutation,low-medium
GET,/api/v1/internal/test-results,"App\Http\Controllers\Api\V1\Internal\QaValidationController@results",api|auth:sanctum|tenant|financial.protection|branch.scope|subscription|permission:users.update,users.update,yes,no,no,not_applicable,read_only_route,low-medium
GET,/api/v1/dashboard/summary,"App\Http\Controllers\Api\V1\DashboardController@summary",api|auth:sanctum|tenant|financial.protection|branch.scope|subscription,,no,no,no,not_applicable,read_only_route,low
GET,/api/v1/internal/domain-events,"App\Http\Controllers\Api\V1\Internal\DomainEventInspectionController@index",api|auth:sanctum|tenant|financial.protection|branch.scope|subscription|intelligent.internal,,yes,no,no,not_applicable,read_only_route,low-medium
GET,/api/v1/internal/intelligence/overview,"App\Http\Controllers\Api\V1\Internal\Phase2IntelligenceController@overview",api|auth:sanctum|tenant|financial.protection|branch.scope|subscription|intelligent.internal|intelligent.phase2,,yes,no,no,not_applicable,read_only_route,low-medium
GET,/api/v1/internal/intelligence/insights,"App\Http\Controllers\Api\V1\Internal\Phase2IntelligenceController@insights",api|auth:sanctum|tenant|financial.protection|branch.scope|subscription|intelligent.internal|intelligent.phase2,,yes,no,no,not_applicable,read_only_route,low-medium
GET,/api/v1/internal/intelligence/recommendations,"App\Http\Controllers\Api\V1\Internal\Phase2IntelligenceController@recommendations",api|auth:sanctum|tenant|financial.protection|branch.scope|subscription|intelligent.internal|intelligent.phase2,,yes,no,no,not_applicable,read_only_route,low-medium
GET,/api/v1/internal/intelligence/alerts,"App\Http\Controllers\Api\V1\Internal\Phase2IntelligenceController@alerts",api|auth:sanctum|tenant|financial.protection|branch.scope|subscription|intelligent.internal|intelligent.phase2,,yes,no,no,not_applicable,read_only_route,low-medium
GET,/api/v1/internal/intelligence/command-center,"App\Http\Controllers\Api\V1\Internal\Phase2IntelligenceController@commandCenter",api|auth:sanctum|tenant|financial.protection|branch.scope|subscription|intelligent.internal|intelligent.phase2,,yes,no,no,not_applicable,read_only_route,low-medium
POST,/api/v1/internal/intelligence/command-center/governance,"App\Http\Controllers\Api\V1\Internal\CommandCenterGovernanceController@store",api|auth:sanctum|tenant|financial.protection|branch.scope|subscription|intelligent.internal|intelligent.phase2,,yes,no,yes,not_applicable,non_transition_mutation,low-medium
GET,/api/v1/internal/intelligence/command-center/governance/history,"App\Http\Controllers\Api\V1\Internal\CommandCenterGovernanceController@history",api|auth:sanctum|tenant|financial.protection|branch.scope|subscription|intelligent.internal|intelligent.phase2,,yes,no,no,not_applicable,read_only_route,low-medium
GET,/api/v1/companies,"App\Http\Controllers\Api\V1\CompanyController@index",api|auth:sanctum|tenant|financial.protection|branch.scope|subscription,,no,yes,no,not_applicable,read_only_route,low
POST,/api/v1/companies,"App\Http\Controllers\Api\V1\CompanyController@store",api|auth:sanctum|tenant|financial.protection|branch.scope|subscription,,yes,yes,yes,not_applicable,non_transition_mutation,low-medium
GET,/api/v1/companies/{company},"App\Http\Controllers\Api\V1\CompanyController@show",api|auth:sanctum|tenant|financial.protection|branch.scope|subscription,,yes,yes,no,not_applicable,read_only_route,low-medium
PUT,/api/v1/companies/{company},"App\Http\Controllers\Api\V1\CompanyController@update",api|auth:sanctum|tenant|financial.protection|branch.scope|subscription,,yes,yes,yes,not_applicable,non_transition_mutation,low-medium
DELETE,/api/v1/companies/{company},"App\Http\Controllers\Api\V1\CompanyController@destroy",api|auth:sanctum|tenant|financial.protection|branch.scope|subscription,,yes,yes,no,not_applicable,non_transition_mutation,low-medium
POST,/api/v1/companies/{id}/logo,"App\Http\Controllers\Api\V1\CompanyController@uploadLogo",api|auth:sanctum|tenant|financial.protection|branch.scope|subscription,,yes,yes,no,not_applicable,non_transition_mutation,low-medium
POST,/api/v1/companies/{id}/signature,"App\Http\Controllers\Api\V1\CompanyController@uploadSignature",api|auth:sanctum|tenant|financial.protection|branch.scope|subscription,,yes,yes,no,not_applicable,non_transition_mutation,low-medium
DELETE,/api/v1/companies/{id}/signature,"App\Http\Controllers\Api\V1\CompanyController@deleteSignature",api|auth:sanctum|tenant|financial.protection|branch.scope|subscription,,yes,yes,no,not_applicable,non_transition_mutation,low-medium
POST,/api/v1/companies/{id}/stamp,"App\Http\Controllers\Api\V1\CompanyController@uploadStamp",api|auth:sanctum|tenant|financial.protection|branch.scope|subscription,,yes,yes,no,not_applicable,non_transition_mutation,low-medium
DELETE,/api/v1/companies/{id}/stamp,"App\Http\Controllers\Api\V1\CompanyController@deleteStamp",api|auth:sanctum|tenant|financial.protection|branch.scope|subscription,,yes,yes,no,not_applicable,non_transition_mutation,low-medium
GET,/api/v1/companies/{id}/settings,"App\Http\Controllers\Api\V1\CompanyController@getSettings",api|auth:sanctum|tenant|financial.protection|branch.scope|subscription,,no,yes,no,not_applicable,read_only_route,low
PATCH,/api/v1/companies/{id}/settings,"App\Http\Controllers\Api\V1\CompanyController@updateSettings",api|auth:sanctum|tenant|financial.protection|branch.scope|subscription,,yes,yes,no,not_applicable,non_transition_mutation,low-medium
POST,/api/v1/companies/{id}/pos/test-connection,"App\Http\Controllers\Api\V1\CompanyController@testPosConnection",api|auth:sanctum|tenant|financial.protection|branch.scope|subscription,,yes,yes,no,not_applicable,non_transition_mutation,low-medium
GET,/api/v1/companies/{id}/feature-profile,"App\Http\Controllers\Api\V1\CompanyController@featureProfile",api|auth:sanctum|tenant|financial.protection|branch.scope|subscription,,no,yes,no,not_applicable,read_only_route,low
PATCH,/api/v1/companies/{id}/feature-profile,"App\Http\Controllers\Api\V1\CompanyController@updateFeatureProfile",api|auth:sanctum|tenant|financial.protection|branch.scope|subscription,,yes,yes,no,not_applicable,non_transition_mutation,low-medium
GET,/api/v1/branches,"App\Http\Controllers\Api\V1\BranchController@index",api|auth:sanctum|tenant|financial.protection|branch.scope|subscription,,yes,yes,no,not_applicable,read_only_route,low-medium
POST,/api/v1/branches,"App\Http\Controllers\Api\V1\BranchController@store",api|auth:sanctum|tenant|financial.protection|branch.scope|subscription,,yes,yes,yes,not_applicable,non_transition_mutation,low-medium
GET,/api/v1/branches/{branch},"App\Http\Controllers\Api\V1\BranchController@show",api|auth:sanctum|tenant|financial.protection|branch.scope|subscription,,yes,yes,no,not_applicable,read_only_route,low-medium
PUT,/api/v1/branches/{branch},"App\Http\Controllers\Api\V1\BranchController@update",api|auth:sanctum|tenant|financial.protection|branch.scope|subscription,,yes,yes,yes,not_applicable,non_transition_mutation,low-medium
DELETE,/api/v1/branches/{branch},"App\Http\Controllers\Api\V1\BranchController@destroy",api|auth:sanctum|tenant|financial.protection|branch.scope|subscription,,yes,yes,no,not_applicable,non_transition_mutation,low-medium
GET,/api/v1/users,"App\Http\Controllers\Api\V1\UserController@index",api|auth:sanctum|tenant|financial.protection|branch.scope|subscription,,yes,yes,no,not_applicable,read_only_route,low-medium
POST,/api/v1/users,"App\Http\Controllers\Api\V1\UserController@store",api|auth:sanctum|tenant|financial.protection|branch.scope|subscription,,yes,yes,yes,not_applicable,non_transition_mutation,low-medium
GET,/api/v1/users/{user},"App\Http\Controllers\Api\V1\UserController@show",api|auth:sanctum|tenant|financial.protection|branch.scope|subscription,,yes,yes,no,not_applicable,read_only_route,low-medium
PUT,/api/v1/users/{user},"App\Http\Controllers\Api\V1\UserController@update",api|auth:sanctum|tenant|financial.protection|branch.scope|subscription,,yes,yes,yes,not_applicable,non_transition_mutation,low-medium
DELETE,/api/v1/users/{user},"App\Http\Controllers\Api\V1\UserController@destroy",api|auth:sanctum|tenant|financial.protection|branch.scope|subscription,,yes,yes,no,not_applicable,non_transition_mutation,low-medium
POST,/api/v1/notifications/share-email,"App\Http\Controllers\Api\V1\NotificationController@shareEmail",api|auth:sanctum|tenant|financial.protection|branch.scope|subscription|permission:users.update,users.update,yes,no,no,not_applicable,non_transition_mutation,low-medium
POST,/api/v1/notifications/track-share,"App\Http\Controllers\Api\V1\NotificationController@trackShare",api|auth:sanctum|tenant|financial.protection|branch.scope|subscription|permission:users.update,users.update,yes,no,no,not_applicable,non_transition_mutation,low-medium
GET,/api/v1/roles/{id}/assign,"App\Http\Controllers\Api\V1\RoleController@assign",api|auth:sanctum|tenant|financial.protection|branch.scope|subscription|permission:users.update,users.update,yes,no,no,not_applicable,read_only_route,low-medium
POST,/api/v1/roles/{id}/assign,"App\Http\Controllers\Api\V1\RoleController@assign",api|auth:sanctum|tenant|financial.protection|branch.scope|subscription|permission:users.update,users.update,yes,no,no,not_applicable,non_transition_mutation,low-medium
GET,/api/v1/roles,"App\Http\Controllers\Api\V1\RoleController@index",api|auth:sanctum|tenant|financial.protection|branch.scope|subscription|permission:users.update,users.update,yes,no,no,not_applicable,read_only_route,low-medium
POST,/api/v1/roles,"App\Http\Controllers\Api\V1\RoleController@store",api|auth:sanctum|tenant|financial.protection|branch.scope|subscription|permission:users.update,users.update,yes,no,yes,not_applicable,non_transition_mutation,low-medium
GET,/api/v1/roles/{role},"App\Http\Controllers\Api\V1\RoleController@show",api|auth:sanctum|tenant|financial.protection|branch.scope|subscription|permission:users.update,users.update,yes,no,no,not_applicable,read_only_route,low-medium
PUT,/api/v1/roles/{role},"App\Http\Controllers\Api\V1\RoleController@update",api|auth:sanctum|tenant|financial.protection|branch.scope|subscription|permission:users.update,users.update,yes,no,yes,not_applicable,non_transition_mutation,low-medium
DELETE,/api/v1/roles/{role},"App\Http\Controllers\Api\V1\RoleController@destroy",api|auth:sanctum|tenant|financial.protection|branch.scope|subscription|permission:users.update,users.update,yes,no,no,not_applicable,non_transition_mutation,low-medium
GET,/api/v1/permissions,"App\Http\Controllers\Api\V1\PermissionController@index",api|auth:sanctum|tenant|financial.protection|branch.scope|subscription|permission:users.update,users.update,yes,no,no,not_applicable,read_only_route,low-medium
GET,/api/v1/permissions/my,"App\Http\Controllers\Api\V1\PermissionController@my",api|auth:sanctum|tenant|financial.protection|branch.scope|subscription|permission:users.update,users.update,yes,no,no,not_applicable,read_only_route,low-medium
GET,/api/v1/subscriptions,"App\Http\Controllers\Api\V1\SubscriptionController@index",api|auth:sanctum|tenant|financial.protection|branch.scope|subscription|permission:subscriptions.view,subscriptions.view,yes,no,no,not_applicable,read_only_route,low-medium
GET,/api/v1/subscriptions/current,"App\Http\Controllers\Api\V1\SubscriptionController@current",api|auth:sanctum|tenant|financial.protection|branch.scope|subscription|permission:subscriptions.view,subscriptions.view,yes,no,no,not_applicable,read_only_route,low-medium
POST,/api/v1/subscriptions/renew,"App\Http\Controllers\Api\V1\SubscriptionController@renew",api|auth:sanctum|tenant|financial.protection|branch.scope|subscription|permission:subscriptions.manage,subscriptions.manage,yes,no,yes,transition_guard_present,controller_transition_check_detected,low-medium
POST,/api/v1/customers,"App\Http\Controllers\Api\V1\CustomerController@store",api|auth:sanctum|tenant|financial.protection|branch.scope|subscription|permission:customers.create,customers.create,yes,no,no,not_applicable,non_transition_mutation,low-medium
PUT,/api/v1/customers/{customer},"App\Http\Controllers\Api\V1\CustomerController@update",api|auth:sanctum|tenant|financial.protection|branch.scope|subscription|permission:customers.update,customers.update,yes,no,no,not_applicable,non_transition_mutation,low-medium
DELETE,/api/v1/customers/{customer},"App\Http\Controllers\Api\V1\CustomerController@destroy",api|auth:sanctum|tenant|financial.protection|branch.scope|subscription|permission:customers.delete,customers.delete,yes,no,no,not_applicable,non_transition_mutation,low-medium
GET,/api/v1/customers,"App\Http\Controllers\Api\V1\CustomerController@index",api|auth:sanctum|tenant|financial.protection|branch.scope|subscription,,no,no,no,not_applicable,read_only_route,low
GET,/api/v1/customers/{customer},"App\Http\Controllers\Api\V1\CustomerController@show",api|auth:sanctum|tenant|financial.protection|branch.scope|subscription,,no,no,no,not_applicable,read_only_route,low
POST,/api/v1/vehicles,"App\Http\Controllers\Api\V1\VehicleController@store",api|auth:sanctum|tenant|financial.protection|branch.scope|subscription|permission:vehicles.create,vehicles.create,yes,no,no,not_applicable,non_transition_mutation,low-medium
PUT,/api/v1/vehicles/{vehicle},"App\Http\Controllers\Api\V1\VehicleController@update",api|auth:sanctum|tenant|financial.protection|branch.scope|subscription|permission:vehicles.update,vehicles.update,yes,no,no,not_applicable,non_transition_mutation,low-medium
DELETE,/api/v1/vehicles/{vehicle},"App\Http\Controllers\Api\V1\VehicleController@destroy",api|auth:sanctum|tenant|financial.protection|branch.scope|subscription|permission:vehicles.delete,vehicles.delete,yes,no,no,not_applicable,non_transition_mutation,low-medium
GET,/api/v1/vehicles,"App\Http\Controllers\Api\V1\VehicleController@index",api|auth:sanctum|tenant|financial.protection|branch.scope|subscription,,no,no,no,not_applicable,read_only_route,low
GET,/api/v1/vehicles/{vehicle},"App\Http\Controllers\Api\V1\VehicleController@show",api|auth:sanctum|tenant|financial.protection|branch.scope|subscription,,no,no,no,not_applicable,read_only_route,low
GET,/api/v1/vehicles/{id}/digital-card,"App\Http\Controllers\Api\V1\VehicleController@digitalCard",api|auth:sanctum|tenant|financial.protection|branch.scope|subscription,,no,no,no,not_applicable,read_only_route,low
GET,/api/v1/services,"App\Http\Controllers\Api\V1\ServiceController@index",api|auth:sanctum|tenant|financial.protection|branch.scope|subscription,,no,no,no,not_applicable,read_only_route,low
POST,/api/v1/services,"App\Http\Controllers\Api\V1\ServiceController@store",api|auth:sanctum|tenant|financial.protection|branch.scope|subscription,,yes,no,yes,not_applicable,non_transition_mutation,low-medium
GET,/api/v1/services/{service},"App\Http\Controllers\Api\V1\ServiceController@show",api|auth:sanctum|tenant|financial.protection|branch.scope|subscription,,no,no,no,not_applicable,read_only_route,low
PUT,/api/v1/services/{service},"App\Http\Controllers\Api\V1\ServiceController@update",api|auth:sanctum|tenant|financial.protection|branch.scope|subscription,,yes,no,yes,not_applicable,non_transition_mutation,low-medium
DELETE,/api/v1/services/{service},"App\Http\Controllers\Api\V1\ServiceController@destroy",api|auth:sanctum|tenant|financial.protection|branch.scope|subscription,,yes,no,no,not_applicable,non_transition_mutation,medium
GET,/api/v1/bundles,"App\Http\Controllers\Api\V1\BundleController@index",api|auth:sanctum|tenant|financial.protection|branch.scope|subscription,,no,no,no,not_applicable,read_only_route,low
POST,/api/v1/bundles,"App\Http\Controllers\Api\V1\BundleController@store",api|auth:sanctum|tenant|financial.protection|branch.scope|subscription,,yes,no,yes,not_applicable,non_transition_mutation,low-medium
GET,/api/v1/bundles/{bundle},"App\Http\Controllers\Api\V1\BundleController@show",api|auth:sanctum|tenant|financial.protection|branch.scope|subscription,,no,no,no,not_applicable,read_only_route,low
PUT,/api/v1/bundles/{bundle},"App\Http\Controllers\Api\V1\BundleController@update",api|auth:sanctum|tenant|financial.protection|branch.scope|subscription,,yes,no,yes,not_applicable,non_transition_mutation,low-medium
DELETE,/api/v1/bundles/{bundle},"App\Http\Controllers\Api\V1\BundleController@destroy",api|auth:sanctum|tenant|financial.protection|branch.scope|subscription,,yes,no,no,not_applicable,non_transition_mutation,medium
GET,/api/v1/work-orders,"App\Http\Controllers\Api\V1\WorkOrderController@index",api|auth:sanctum|tenant|financial.protection|branch.scope|subscription,,no,no,no,not_applicable,read_only_route,low
POST,/api/v1/work-orders,"App\Http\Controllers\Api\V1\WorkOrderController@store",api|auth:sanctum|tenant|financial.protection|branch.scope|subscription|permission:work_orders.create,work_orders.create,yes,no,no,not_applicable,non_transition_mutation,low-medium
GET,/api/v1/work-orders/{id},"App\Http\Controllers\Api\V1\WorkOrderController@show",api|auth:sanctum|tenant|financial.protection|branch.scope|subscription,,no,no,no,not_applicable,read_only_route,low
PUT,/api/v1/work-orders/{id},"App\Http\Controllers\Api\V1\WorkOrderController@update",api|auth:sanctum|tenant|financial.protection|branch.scope|subscription|permission:work_orders.update,work_orders.update,yes,no,no,not_applicable,non_transition_mutation,low-medium
PATCH,/api/v1/work-orders/{id}/status,"App\Http\Controllers\Api\V1\WorkOrderController@updateStatus",api|auth:sanctum|tenant|financial.protection|branch.scope|subscription|permission:work_orders.update,work_orders.update,yes,no,no,transition_guard_present,controller_transition_check_detected,low-medium
DELETE,/api/v1/work-orders/{id},"App\Http\Controllers\Api\V1\WorkOrderController@destroy",api|auth:sanctum|tenant|financial.protection|branch.scope|subscription|permission:work_orders.delete,work_orders.delete,yes,no,no,not_applicable,non_transition_mutation,low-medium
POST,/api/v1/invoices,"App\Http\Controllers\Api\V1\InvoiceController@store",api|auth:sanctum|tenant|financial.protection|branch.scope|subscription|idempotent|permission:invoices.create,invoices.create,yes,no,no,not_applicable,non_transition_mutation,low-medium
POST,/api/v1/invoices/{id}/pay,"App\Http\Controllers\Api\V1\InvoiceController@pay",api|auth:sanctum|tenant|financial.protection|branch.scope|subscription|idempotent|permission:invoices.update,invoices.update,yes,no,no,not_applicable,non_transition_mutation,low-medium
POST,/api/v1/pos/sale,"App\Http\Controllers\Api\V1\POSController@sale",api|auth:sanctum|tenant|financial.protection|branch.scope|subscription|idempotent|permission:invoices.create,invoices.create,yes,no,no,not_applicable,non_transition_mutation,low-medium
POST,/api/v1/invoices/from-work-order/{workOrderId},"App\Http\Controllers\Api\V1\InvoiceController@fromWorkOrder",api|auth:sanctum|tenant|financial.protection|branch.scope|subscription|idempotent|permission:invoices.create,invoices.create,yes,no,no,not_applicable,non_transition_mutation,low-medium
GET,/api/v1/invoices,"App\Http\Controllers\Api\V1\InvoiceController@index",api|auth:sanctum|tenant|financial.protection|branch.scope|subscription|permission:invoices.view,invoices.view,yes,no,no,not_applicable,read_only_route,low-medium
GET,/api/v1/invoices/{invoice},"App\Http\Controllers\Api\V1\InvoiceController@show",api|auth:sanctum|tenant|financial.protection|branch.scope|subscription|permission:invoices.view,invoices.view,yes,no,no,not_applicable,read_only_route,low-medium
PUT,/api/v1/invoices/{invoice},"App\Http\Controllers\Api\V1\InvoiceController@update",api|auth:sanctum|tenant|financial.protection|branch.scope|subscription|permission:invoices.update,invoices.update,yes,no,no,not_applicable,non_transition_mutation,low-medium
PATCH,/api/v1/invoices/{invoice},"App\Http\Controllers\Api\V1\InvoiceController@update",api|auth:sanctum|tenant|financial.protection|branch.scope|subscription|permission:invoices.update,invoices.update,yes,no,no,not_applicable,non_transition_mutation,low-medium
DELETE,/api/v1/invoices/{invoice},"App\Http\Controllers\Api\V1\InvoiceController@destroy",api|auth:sanctum|tenant|financial.protection|branch.scope|subscription|permission:invoices.delete,invoices.delete,yes,no,no,not_applicable,non_transition_mutation,low-medium
POST,/api/v1/invoices/{id}/media,"App\Http\Controllers\Api\V1\InvoiceController@uploadMedia",api|auth:sanctum|tenant|financial.protection|branch.scope|subscription|permission:invoices.update,invoices.update,yes,no,no,not_applicable,non_transition_mutation,low-medium
GET,/api/v1/wallet,"App\Http\Controllers\Api\V1\WalletController@show",api|auth:sanctum|tenant|financial.protection|branch.scope|subscription|permission:invoices.view,invoices.view,yes,no,no,not_applicable,read_only_route,low-medium
GET,/api/v1/wallet/transactions,"App\Http\Controllers\Api\V1\WalletController@transactions",api|auth:sanctum|tenant|financial.protection|branch.scope|subscription|permission:invoices.view,invoices.view,yes,no,no,not_applicable,read_only_route,low-medium
POST,/api/v1/wallet/top-up,"App\Http\Controllers\Api\V1\WalletController@topUp",api|auth:sanctum|tenant|financial.protection|branch.scope|subscription|idempotent|permission:invoices.update,invoices.update,yes,no,no,not_applicable,non_transition_mutation,low-medium
POST,/api/v1/wallet/transfer,"App\Http\Controllers\Api\V1\WalletController@transfer",api|auth:sanctum|tenant|financial.protection|branch.scope|subscription|idempotent|permission:invoices.update,invoices.update,yes,no,no,not_applicable,non_transition_mutation,low-medium
POST,/api/v1/wallet/transactions/{id}/reverse,"App\Http\Controllers\Api\V1\WalletController@reverse",api|auth:sanctum|tenant|financial.protection|branch.scope|subscription|permission:invoices.update,invoices.update,yes,no,no,not_applicable,non_transition_mutation,low-medium
GET,/api/v1/payments/invoice/{invoiceId},"App\Http\Controllers\Api\V1\WalletController@paymentsByInvoice",api|auth:sanctum|tenant|financial.protection|branch.scope|subscription|permission:invoices.view,invoices.view,yes,no,no,not_applicable,read_only_route,low-medium
POST,/api/v1/payments/{id}/refund,"App\Http\Controllers\Api\V1\WalletController@refundPayment",api|auth:sanctum|tenant|financial.protection|branch.scope|subscription|idempotent|permission:invoices.update,invoices.update,yes,no,no,not_applicable,non_transition_mutation,low-medium
DELETE,/api/v1/products/{product},"App\Http\Controllers\Api\V1\ProductController@destroy",api|auth:sanctum|tenant|financial.protection|branch.scope|subscription|permission:products.delete,products.delete,yes,no,no,not_applicable,non_transition_mutation,low-medium
GET,/api/v1/products,"App\Http\Controllers\Api\V1\ProductController@index",api|auth:sanctum|tenant|financial.protection|branch.scope|subscription,,no,no,no,not_applicable,read_only_route,low
POST,/api/v1/products,"App\Http\Controllers\Api\V1\ProductController@store",api|auth:sanctum|tenant|financial.protection|branch.scope|subscription,,yes,no,yes,not_applicable,non_transition_mutation,low-medium
GET,/api/v1/products/{product},"App\Http\Controllers\Api\V1\ProductController@show",api|auth:sanctum|tenant|financial.protection|branch.scope|subscription,,no,no,no,not_applicable,read_only_route,low
PUT,/api/v1/products/{product},"App\Http\Controllers\Api\V1\ProductController@update",api|auth:sanctum|tenant|financial.protection|branch.scope|subscription,,yes,no,yes,not_applicable,non_transition_mutation,low-medium
GET,/api/v1/quotes,"App\Http\Controllers\Api\V1\QuoteController@index",api|auth:sanctum|tenant|financial.protection|branch.scope|subscription,,no,no,no,not_applicable,read_only_route,low
POST,/api/v1/quotes,"App\Http\Controllers\Api\V1\QuoteController@store",api|auth:sanctum|tenant|financial.protection|branch.scope|subscription,,yes,no,no,not_applicable,non_transition_mutation,medium
GET,/api/v1/quotes/{quote},"App\Http\Controllers\Api\V1\QuoteController@show",api|auth:sanctum|tenant|financial.protection|branch.scope|subscription,,no,no,no,not_applicable,read_only_route,low
PUT,/api/v1/quotes/{quote},"App\Http\Controllers\Api\V1\QuoteController@update",api|auth:sanctum|tenant|financial.protection|branch.scope|subscription,,yes,no,no,not_applicable,non_transition_mutation,medium
DELETE,/api/v1/quotes/{quote},"App\Http\Controllers\Api\V1\QuoteController@destroy",api|auth:sanctum|tenant|financial.protection|branch.scope|subscription,,yes,no,no,not_applicable,non_transition_mutation,medium
GET,/api/v1/nps,"App\Http\Controllers\Api\V1\NpsController@index",api|auth:sanctum|tenant|financial.protection|branch.scope|subscription,,no,no,no,not_applicable,read_only_route,low
POST,/api/v1/nps,"App\Http\Controllers\Api\V1\NpsController@store",api|auth:sanctum|tenant|financial.protection|branch.scope|subscription,,yes,no,no,not_applicable,non_transition_mutation,medium
GET,/api/v1/warranty-items,Closure,api|auth:sanctum|tenant|financial.protection|branch.scope|subscription,,no,no,no,not_applicable,read_only_route,low
GET,/api/v1/service-reminders,Closure,api|auth:sanctum|tenant|financial.protection|branch.scope|subscription,,no,no,no,not_applicable,read_only_route,low
GET,/api/v1/units,"App\Http\Controllers\Api\V1\UnitController@index",api|auth:sanctum|tenant|financial.protection|branch.scope|subscription,,no,no,no,not_applicable,read_only_route,low
POST,/api/v1/units,"App\Http\Controllers\Api\V1\UnitController@store",api|auth:sanctum|tenant|financial.protection|branch.scope|subscription,,yes,no,yes,not_applicable,non_transition_mutation,low-medium
PUT,/api/v1/units/{id},"App\Http\Controllers\Api\V1\UnitController@update",api|auth:sanctum|tenant|financial.protection|branch.scope|subscription,,yes,no,no,not_applicable,non_transition_mutation,medium
DELETE,/api/v1/units/{id},"App\Http\Controllers\Api\V1\UnitController@destroy",api|auth:sanctum|tenant|financial.protection|branch.scope|subscription,,yes,no,no,not_applicable,non_transition_mutation,medium
GET,/api/v1/units/conversions,"App\Http\Controllers\Api\V1\UnitController@conversions",api|auth:sanctum|tenant|financial.protection|branch.scope|subscription,,no,no,no,not_applicable,read_only_route,low
POST,/api/v1/units/conversions,"App\Http\Controllers\Api\V1\UnitController@storeConversion",api|auth:sanctum|tenant|financial.protection|branch.scope|subscription,,yes,no,no,not_applicable,non_transition_mutation,medium
POST,/api/v1/suppliers,"App\Http\Controllers\Api\V1\SupplierController@store",api|auth:sanctum|tenant|financial.protection|branch.scope|subscription|permission:suppliers.create,suppliers.create,yes,no,no,not_applicable,non_transition_mutation,low-medium
PUT,/api/v1/suppliers/{supplier},"App\Http\Controllers\Api\V1\SupplierController@update",api|auth:sanctum|tenant|financial.protection|branch.scope|subscription|permission:suppliers.update,suppliers.update,yes,no,no,not_applicable,non_transition_mutation,low-medium
DELETE,/api/v1/suppliers/{supplier},"App\Http\Controllers\Api\V1\SupplierController@destroy",api|auth:sanctum|tenant|financial.protection|branch.scope|subscription|permission:suppliers.delete,suppliers.delete,yes,no,no,not_applicable,non_transition_mutation,low-medium
GET,/api/v1/suppliers,"App\Http\Controllers\Api\V1\SupplierController@index",api|auth:sanctum|tenant|financial.protection|branch.scope|subscription,,no,no,no,not_applicable,read_only_route,low
GET,/api/v1/suppliers/{supplier},"App\Http\Controllers\Api\V1\SupplierController@show",api|auth:sanctum|tenant|financial.protection|branch.scope|subscription,,no,no,no,not_applicable,read_only_route,low
GET,/api/v1/purchases,"App\Http\Controllers\Api\V1\PurchaseController@index",api|auth:sanctum|tenant|financial.protection|branch.scope|subscription,,no,no,no,not_applicable,read_only_route,low
POST,/api/v1/purchases,"App\Http\Controllers\Api\V1\PurchaseController@store",api|auth:sanctum|tenant|financial.protection|branch.scope|subscription|permission:purchases.create,purchases.create,yes,no,no,not_applicable,non_transition_mutation,low-medium
GET,/api/v1/purchases/{id},"App\Http\Controllers\Api\V1\PurchaseController@show",api|auth:sanctum|tenant|financial.protection|branch.scope|subscription,,no,no,no,not_applicable,read_only_route,low
PATCH,/api/v1/purchases/{id}/status,"App\Http\Controllers\Api\V1\PurchaseController@updateStatus",api|auth:sanctum|tenant|financial.protection|branch.scope|subscription|permission:purchases.create,purchases.create,yes,no,no,transition_guard_present,controller_transition_check_detected,low-medium
POST,/api/v1/purchases/{id}/receive,"App\Http\Controllers\Api\V1\PurchaseController@receive",api|auth:sanctum|tenant|financial.protection|branch.scope|subscription|permission:purchases.create,purchases.create,yes,no,no,transition_guard_present,controller_transition_check_detected,low-medium
POST,/api/v1/purchases/{id}/documents,"App\Http\Controllers\Api\V1\PurchaseController@uploadDocument",api|auth:sanctum|tenant|financial.protection|branch.scope|subscription|permission:purchases.create,purchases.create,yes,no,no,not_applicable,non_transition_mutation,low-medium
DELETE,/api/v1/purchases/{id}/documents/{index},"App\Http\Controllers\Api\V1\PurchaseController@deleteDocument",api|auth:sanctum|tenant|financial.protection|branch.scope|subscription|permission:purchases.create,purchases.create,yes,no,no,not_applicable,non_transition_mutation,low-medium
GET,/api/v1/purchases/{id}/receipts,"App\Http\Controllers\Api\V1\GoodsReceiptController@byPurchase",api|auth:sanctum|tenant|financial.protection|branch.scope|subscription,,no,no,no,not_applicable,read_only_route,low
POST,/api/v1/purchases/{id}/receipts,"App\Http\Controllers\Api\V1\GoodsReceiptController@store",api|auth:sanctum|tenant|financial.protection|branch.scope|subscription|permission:purchases.create,purchases.create,yes,no,no,not_applicable,non_transition_mutation,low-medium
GET,/api/v1/goods-receipts,"App\Http\Controllers\Api\V1\GoodsReceiptController@index",api|auth:sanctum|tenant|financial.protection|branch.scope|subscription,,no,no,no,not_applicable,read_only_route,low
GET,/api/v1/goods-receipts/{id},"App\Http\Controllers\Api\V1\GoodsReceiptController@show",api|auth:sanctum|tenant|financial.protection|branch.scope|subscription,,no,no,no,not_applicable,read_only_route,low
GET,/api/v1/inventory,"App\Http\Controllers\Api\V1\InventoryController@index",api|auth:sanctum|tenant|financial.protection|branch.scope|subscription,,no,no,no,not_applicable,read_only_route,low
GET,/api/v1/inventory/movements,"App\Http\Controllers\Api\V1\InventoryController@movements",api|auth:sanctum|tenant|financial.protection|branch.scope|subscription,,no,no,no,not_applicable,read_only_route,low
POST,/api/v1/inventory/adjust,"App\Http\Controllers\Api\V1\InventoryController@adjust",api|auth:sanctum|tenant|financial.protection|branch.scope|subscription|idempotent,,yes,no,yes,not_applicable,non_transition_mutation,low-medium
GET,/api/v1/inventory/{id},"App\Http\Controllers\Api\V1\InventoryController@show",api|auth:sanctum|tenant|financial.protection|branch.scope|subscription,,no,no,no,not_applicable,read_only_route,low
GET,/api/v1/inventory/reservations,"App\Http\Controllers\Api\V1\InventoryController@reservations",api|auth:sanctum|tenant|financial.protection|branch.scope|subscription,,no,no,no,not_applicable,read_only_route,low
POST,/api/v1/inventory/reservations,"App\Http\Controllers\Api\V1\InventoryController@createReservation",api|auth:sanctum|tenant|financial.protection|branch.scope|subscription|permission:inventory.adjust,inventory.adjust,yes,no,no,not_applicable,non_transition_mutation,low-medium
PATCH,/api/v1/inventory/reservations/{id}/consume,"App\Http\Controllers\Api\V1\InventoryController@consumeReservation",api|auth:sanctum|tenant|financial.protection|branch.scope|subscription|permission:inventory.adjust,inventory.adjust,yes,no,no,not_applicable,non_transition_mutation,low-medium
PATCH,/api/v1/inventory/reservations/{id}/release,"App\Http\Controllers\Api\V1\InventoryController@releaseReservation",api|auth:sanctum|tenant|financial.protection|branch.scope|subscription|permission:inventory.adjust,inventory.adjust,yes,no,no,not_applicable,non_transition_mutation,low-medium
PATCH,/api/v1/inventory/reservations/{id}/cancel,"App\Http\Controllers\Api\V1\InventoryController@cancelReservation",api|auth:sanctum|tenant|financial.protection|branch.scope|subscription|permission:inventory.adjust,inventory.adjust,yes,no,no,transition_guard_present,controller_transition_check_detected,low-medium
GET,/api/v1/wallets/{customerId}/summary,"App\Http\Controllers\Api\V1\WalletController@summary",api|auth:sanctum|tenant|financial.protection|branch.scope|subscription|permission:invoices.view,invoices.view,yes,no,no,not_applicable,read_only_route,low-medium
GET,/api/v1/wallets/{walletId}/transactions,"App\Http\Controllers\Api\V1\WalletController@transactions",api|auth:sanctum|tenant|financial.protection|branch.scope|subscription|permission:invoices.view,invoices.view,yes,no,no,not_applicable,read_only_route,low-medium
POST,/api/v1/wallets/top-up/individual,"App\Http\Controllers\Api\V1\WalletController@topUpIndividual",api|auth:sanctum|tenant|financial.protection|branch.scope|subscription|idempotent|permission:invoices.update,invoices.update,yes,no,no,not_applicable,non_transition_mutation,low-medium
POST,/api/v1/wallets/top-up/fleet,"App\Http\Controllers\Api\V1\WalletController@topUpFleet",api|auth:sanctum|tenant|financial.protection|branch.scope|subscription|idempotent|permission:invoices.update,invoices.update,yes,no,no,not_applicable,non_transition_mutation,low-medium
POST,/api/v1/wallets/transfer,"App\Http\Controllers\Api\V1\WalletController@transfer",api|auth:sanctum|tenant|financial.protection|branch.scope|subscription|idempotent|permission:invoices.update,invoices.update,yes,no,no,not_applicable,non_transition_mutation,low-medium
POST,/api/v1/wallets/reversal,"App\Http\Controllers\Api\V1\WalletController@reverse",api|auth:sanctum|tenant|financial.protection|branch.scope|subscription|idempotent|permission:invoices.update,invoices.update,yes,no,no,not_applicable,non_transition_mutation,low-medium
GET,/api/v1/api-keys,"App\Http\Controllers\Api\V1\ApiKeyController@index",api|auth:sanctum|tenant|financial.protection|branch.scope|subscription|permission:api_keys.manage,api_keys.manage,yes,no,no,not_applicable,read_only_route,low-medium
POST,/api/v1/api-keys,"App\Http\Controllers\Api\V1\ApiKeyController@store",api|auth:sanctum|tenant|financial.protection|branch.scope|subscription|permission:api_keys.manage,api_keys.manage,yes,no,no,not_applicable,non_transition_mutation,low-medium
DELETE,/api/v1/api-keys/{id},"App\Http\Controllers\Api\V1\ApiKeyController@revoke",api|auth:sanctum|tenant|financial.protection|branch.scope|subscription|permission:api_keys.manage,api_keys.manage,yes,no,no,not_applicable,non_transition_mutation,low-medium
GET,/api/v1/webhooks,"App\Http\Controllers\Api\V1\WebhookController@index",api|auth:sanctum|tenant|financial.protection|branch.scope|subscription|permission:webhooks.manage,webhooks.manage,yes,no,no,not_applicable,read_only_route,low-medium
POST,/api/v1/webhooks,"App\Http\Controllers\Api\V1\WebhookController@store",api|auth:sanctum|tenant|financial.protection|branch.scope|subscription|permission:webhooks.manage,webhooks.manage,yes,no,no,not_applicable,non_transition_mutation,low-medium
DELETE,/api/v1/webhooks/{id},"App\Http\Controllers\Api\V1\WebhookController@destroy",api|auth:sanctum|tenant|financial.protection|branch.scope|subscription|permission:webhooks.manage,webhooks.manage,yes,no,no,not_applicable,non_transition_mutation,low-medium
GET,/api/v1/webhooks/{id}/deliveries,"App\Http\Controllers\Api\V1\WebhookController@deliveries",api|auth:sanctum|tenant|financial.protection|branch.scope|subscription|permission:webhooks.manage,webhooks.manage,yes,no,no,not_applicable,read_only_route,low-medium
GET,/api/v1/api-usage-logs,Closure,api|auth:sanctum|tenant|financial.protection|branch.scope|subscription,,no,no,no,not_applicable,read_only_route,low
GET,/api/v1/dashboard/kpi,"App\Http\Controllers\Api\V1\ReportController@kpi",api|auth:sanctum|tenant|financial.protection|branch.scope|subscription,,no,no,no,not_applicable,read_only_route,low
GET,/api/v1/reports/sales,"App\Http\Controllers\Api\V1\ReportController@sales",api|auth:sanctum|tenant|financial.protection|branch.scope|subscription|permission:reports.view|permission:reports.financial.view,reports.view|reports.financial.view,yes,no,no,not_applicable,read_only_route,low-medium
GET,/api/v1/reports/sales-by-customer,"App\Http\Controllers\Api\V1\ReportController@salesByCustomer",api|auth:sanctum|tenant|financial.protection|branch.scope|subscription|permission:reports.view|permission:reports.financial.view,reports.view|reports.financial.view,yes,no,no,not_applicable,read_only_route,low-medium
GET,/api/v1/reports/sales-by-product,"App\Http\Controllers\Api\V1\ReportController@salesByProduct",api|auth:sanctum|tenant|financial.protection|branch.scope|subscription|permission:reports.view|permission:reports.financial.view,reports.view|reports.financial.view,yes,no,no,not_applicable,read_only_route,low-medium
GET,/api/v1/reports/overdue-receivables,"App\Http\Controllers\Api\V1\ReportController@overdueReceivables",api|auth:sanctum|tenant|financial.protection|branch.scope|subscription|permission:reports.view|permission:reports.financial.view,reports.view|reports.financial.view,yes,no,no,not_applicable,read_only_route,low-medium
GET,/api/v1/reports/work-orders,"App\Http\Controllers\Api\V1\ReportController@workOrders",api|auth:sanctum|tenant|financial.protection|branch.scope|subscription|permission:reports.view|permission:reports.operations.view,reports.view|reports.operations.view,yes,no,no,not_applicable,read_only_route,low-medium
GET,/api/v1/reports/kpi,"App\Http\Controllers\Api\V1\ReportController@kpi",api|auth:sanctum|tenant|financial.protection|branch.scope|subscription|permission:reports.view|permission:reports.financial.view,reports.view|reports.financial.view,yes,no,no,not_applicable,read_only_route,low-medium
GET,/api/v1/reports/summary,"App\Http\Controllers\Api\V1\ReportController@kpi",api|auth:sanctum|tenant|financial.protection|branch.scope|subscription|permission:reports.view|permission:reports.financial.view,reports.view|reports.financial.view,yes,no,no,not_applicable,read_only_route,low-medium
GET,/api/v1/reports/kpi-dictionary,"App\Http\Controllers\Api\V1\ReportController@kpiDictionary",api|auth:sanctum|tenant|financial.protection|branch.scope|subscription|permission:reports.view,reports.view,yes,no,no,not_applicable,read_only_route,low-medium
GET,/api/v1/reports/vat,"App\Http\Controllers\Api\V1\ReportController@vatReport",api|auth:sanctum|tenant|financial.protection|branch.scope|subscription|permission:reports.view|permission:reports.accounting.view,reports.view|reports.accounting.view,yes,no,no,not_applicable,read_only_route,low-medium
GET,/api/v1/reports/inventory,"App\Http\Controllers\Api\V1\ReportController@inventory",api|auth:sanctum|tenant|financial.protection|branch.scope|subscription|permission:reports.view|permission:reports.operations.view,reports.view|reports.operations.view,yes,no,no,not_applicable,read_only_route,low-medium
GET,/api/v1/reports/financial,"App\Http\Controllers\Api\V1\ReportController@financial",api|auth:sanctum|tenant|financial.protection|branch.scope|subscription|permission:reports.view|permission:reports.financial.view,reports.view|reports.financial.view,yes,no,no,not_applicable,read_only_route,low-medium
GET,/api/v1/reports/business-analytics,"App\Http\Controllers\Api\V1\ReportController@businessAnalytics",api|auth:sanctum|tenant|financial.protection|branch.scope|subscription|permission:reports.view|permission:reports.intelligence.view,reports.view|reports.intelligence.view,yes,no,no,not_applicable,read_only_route,low-medium
GET,/api/v1/reports/employees,"App\Http\Controllers\Api\V1\ReportController@employeeReport",api|auth:sanctum|tenant|financial.protection|branch.scope|subscription|permission:reports.view|permission:reports.employees.view,reports.view|reports.employees.view,yes,no,no,not_applicable,read_only_route,low-medium
GET,/api/v1/reports/operations,"App\Http\Controllers\Api\V1\ReportController@operationsReport",api|auth:sanctum|tenant|financial.protection|branch.scope|subscription|permission:reports.view|permission:reports.operations.view,reports.view|reports.operations.view,yes,no,no,not_applicable,read_only_route,low-medium
GET,/api/v1/reports/intelligence-digest,"App\Http\Controllers\Api\V1\ReportController@intelligenceDigest",api|auth:sanctum|tenant|financial.protection|branch.scope|subscription|permission:reports.view|permission:reports.intelligence.view,reports.view|reports.intelligence.view,yes,no,no,not_applicable,read_only_route,low-medium
GET,/api/v1/reports/communications,"App\Http\Controllers\Api\V1\ReportController@communicationsReport",api|auth:sanctum|tenant|financial.protection|branch.scope|subscription|permission:reports.view|permission:reports.operations.view,reports.view|reports.operations.view,yes,no,no,not_applicable,read_only_route,low-medium
GET,/api/v1/reports/smart-tasks,"App\Http\Controllers\Api\V1\ReportController@smartTasksReport",api|auth:sanctum|tenant|financial.protection|branch.scope|subscription|permission:reports.view|permission:reports.operations.view,reports.view|reports.operations.view,yes,no,no,not_applicable,read_only_route,low-medium
GET,/api/v1/ledger,"App\Http\Controllers\Api\V1\LedgerController@index",api|auth:sanctum|tenant|financial.protection|branch.scope|subscription|permission:reports.accounting.view,reports.accounting.view,yes,no,no,not_applicable,read_only_route,low-medium
GET,/api/v1/ledger/trial-balance,"App\Http\Controllers\Api\V1\LedgerController@trialBalance",api|auth:sanctum|tenant|financial.protection|branch.scope|subscription|permission:reports.accounting.view,reports.accounting.view,yes,no,no,not_applicable,read_only_route,low-medium
GET,/api/v1/ledger/{id},"App\Http\Controllers\Api\V1\LedgerController@show",api|auth:sanctum|tenant|financial.protection|branch.scope|subscription|permission:reports.accounting.view,reports.accounting.view,yes,no,no,not_applicable,read_only_route,low-medium
POST,/api/v1/ledger/{id}/reverse,"App\Http\Controllers\Api\V1\LedgerController@reverse",api|auth:sanctum|tenant|financial.protection|branch.scope|subscription|permission:reports.accounting.view,reports.accounting.view,yes,no,no,not_applicable,non_transition_mutation,low-medium
GET,/api/v1/chart-of-accounts,"App\Http\Controllers\Api\V1\ChartOfAccountController@index",api|auth:sanctum|tenant|financial.protection|branch.scope|subscription|permission:reports.accounting.view,reports.accounting.view,yes,no,no,not_applicable,read_only_route,low-medium
POST,/api/v1/chart-of-accounts,"App\Http\Controllers\Api\V1\ChartOfAccountController@store",api|auth:sanctum|tenant|financial.protection|branch.scope|subscription|permission:reports.accounting.view,reports.accounting.view,yes,no,no,not_applicable,non_transition_mutation,low-medium
GET,/api/v1/chart-of-accounts/{chart_of_account},"App\Http\Controllers\Api\V1\ChartOfAccountController@show",api|auth:sanctum|tenant|financial.protection|branch.scope|subscription|permission:reports.accounting.view,reports.accounting.view,yes,no,no,not_applicable,read_only_route,low-medium
PUT,/api/v1/chart-of-accounts/{chart_of_account},"App\Http\Controllers\Api\V1\ChartOfAccountController@update",api|auth:sanctum|tenant|financial.protection|branch.scope|subscription|permission:reports.accounting.view,reports.accounting.view,yes,no,no,not_applicable,non_transition_mutation,low-medium
DELETE,/api/v1/chart-of-accounts/{chart_of_account},"App\Http\Controllers\Api\V1\ChartOfAccountController@destroy",api|auth:sanctum|tenant|financial.protection|branch.scope|subscription|permission:reports.accounting.view,reports.accounting.view,yes,no,no,not_applicable,non_transition_mutation,low-medium
GET,/api/v1/wallet/{customerId}/summary,"App\Http\Controllers\Api\V1\WalletController@summary",api|auth:sanctum|tenant|financial.protection|branch.scope|subscription|permission:invoices.view,invoices.view,yes,no,no,not_applicable,read_only_route,low-medium
GET,/api/v1/wallet/{walletId}/transactions,"App\Http\Controllers\Api\V1\WalletController@transactions",api|auth:sanctum|tenant|financial.protection|branch.scope|subscription|permission:invoices.view,invoices.view,yes,no,no,not_applicable,read_only_route,low-medium
POST,/api/v1/wallet/top-up/individual,"App\Http\Controllers\Api\V1\WalletController@topUpIndividual",api|auth:sanctum|tenant|financial.protection|branch.scope|subscription|idempotent|permission:invoices.update,invoices.update,yes,no,no,not_applicable,non_transition_mutation,low-medium
POST,/api/v1/wallet/top-up/fleet,"App\Http\Controllers\Api\V1\WalletController@topUpFleet",api|auth:sanctum|tenant|financial.protection|branch.scope|subscription|idempotent|permission:invoices.update,invoices.update,yes,no,no,not_applicable,non_transition_mutation,low-medium
POST,/api/v1/wallet/reversal,"App\Http\Controllers\Api\V1\WalletController@reverse",api|auth:sanctum|tenant|financial.protection|branch.scope|subscription|idempotent|permission:invoices.update,invoices.update,yes,no,no,not_applicable,non_transition_mutation,low-medium
GET,/api/v1/fleet/customers,"App\Http\Controllers\Api\V1\FleetController@fleetCustomers",api|auth:sanctum|tenant|financial.protection|branch.scope|subscription,,no,no,no,not_applicable,read_only_route,low
POST,/api/v1/fleet/verify-plate,"App\Http\Controllers\Api\V1\FleetController@verifyPlate",api|auth:sanctum|tenant|financial.protection|branch.scope|subscription|permission:fleet.plate.verify,fleet.plate.verify,yes,no,no,not_applicable,non_transition_mutation,low-medium
POST,/api/v1/fleet/work-orders/{id}/approve,"App\Http\Controllers\Api\V1\FleetController@approveWorkOrder",api|auth:sanctum|tenant|financial.protection|branch.scope|subscription|permission:work_orders.update,work_orders.update,yes,no,no,transition_guard_present,controller_transition_check_detected,low-medium
GET,/api/v1/fleet-portal/dashboard,"App\Http\Controllers\Api\V1\FleetPortalController@dashboard",api|auth:sanctum|tenant|financial.protection|branch.scope|subscription,,no,no,no,not_applicable,read_only_route,low
GET,/api/v1/fleet-portal/vehicles,"App\Http\Controllers\Api\V1\FleetPortalController@vehicles",api|auth:sanctum|tenant|financial.protection|branch.scope|subscription,,no,no,no,not_applicable,read_only_route,low
GET,/api/v1/fleet-portal/wallet/summary,"App\Http\Controllers\Api\V1\FleetPortalController@walletSummary",api|auth:sanctum|tenant|financial.protection|branch.scope|subscription,,yes,no,no,not_applicable,read_only_route,low-medium
GET,/api/v1/fleet-portal/wallet/transactions,"App\Http\Controllers\Api\V1\FleetPortalController@transactions",api|auth:sanctum|tenant|financial.protection|branch.scope|subscription,,yes,no,no,not_applicable,read_only_route,low-medium
POST,/api/v1/fleet-portal/wallet/top-up,"App\Http\Controllers\Api\V1\FleetPortalController@topUp",api|auth:sanctum|tenant|financial.protection|branch.scope|subscription|idempotent|permission:fleet.wallet.topup,fleet.wallet.topup,yes,no,no,not_applicable,non_transition_mutation,low-medium
GET,/api/v1/fleet-portal/work-orders,"App\Http\Controllers\Api\V1\FleetPortalController@pendingApproval",api|auth:sanctum|tenant|financial.protection|branch.scope|subscription,,no,no,no,not_applicable,read_only_route,low
POST,/api/v1/fleet-portal/work-orders,"App\Http\Controllers\Api\V1\FleetPortalController@createWorkOrder",api|auth:sanctum|tenant|financial.protection|branch.scope|subscription|permission:fleet.workorder.create,fleet.workorder.create,yes,no,no,not_applicable,non_transition_mutation,low-medium
GET,/api/v1/fleet-portal/work-orders/pending-approval,"App\Http\Controllers\Api\V1\FleetPortalController@pendingApproval",api|auth:sanctum|tenant|financial.protection|branch.scope|subscription,,no,no,no,not_applicable,read_only_route,low
GET,/api/v1/fleet-portal/wallet,"App\Http\Controllers\Api\V1\FleetPortalController@walletSummary",api|auth:sanctum|tenant|financial.protection|branch.scope|subscription,,yes,no,no,not_applicable,read_only_route,low-medium
POST,/api/v1/fleet-portal/work-orders/{id}/approve-credit,"App\Http\Controllers\Api\V1\FleetPortalController@approveCredit",api|auth:sanctum|tenant|financial.protection|branch.scope|subscription|permission:fleet.workorder.approve,fleet.workorder.approve,yes,no,no,transition_guard_present,controller_transition_check_detected,low-medium
POST,/api/v1/fleet-portal/work-orders/{id}/reject-credit,"App\Http\Controllers\Api\V1\FleetPortalController@rejectCredit",api|auth:sanctum|tenant|financial.protection|branch.scope|subscription|permission:fleet.workorder.approve,fleet.workorder.approve,yes,no,no,transition_guard_present,controller_transition_check_detected,low-medium
GET,/api/v1/plans,"App\Http\Controllers\Api\V1\SaasController@listPlans",api,,no,no,no,not_applicable,read_only_route,low
POST,/api/v1/plans/seed,"App\Http\Controllers\Api\V1\SaasController@seedPlans",api|auth:sanctum|permission:subscriptions.manage,subscriptions.manage,yes,no,no,not_applicable,non_transition_mutation,low-medium
GET,/api/v1/subscription,"App\Http\Controllers\Api\V1\SaasController@currentSubscription",api|auth:sanctum|tenant|financial.protection|branch.scope|subscription,,yes,no,no,not_applicable,read_only_route,low-medium
POST,/api/v1/subscription/change,"App\Http\Controllers\Api\V1\SaasController@changePlan",api|auth:sanctum|tenant|financial.protection|branch.scope|subscription|permission:subscriptions.manage,subscriptions.manage,yes,no,no,not_applicable,non_transition_mutation,low-medium
GET,/api/v1/subscription/usage,"App\Http\Controllers\Api\V1\SaasController@usageLimits",api|auth:sanctum|tenant|financial.protection|branch.scope|subscription|permission:subscriptions.view,subscriptions.view,yes,no,no,not_applicable,read_only_route,low-medium
PUT,/api/v1/plans/{slug},"App\Http\Controllers\Api\V1\SaasController@updatePlan",api|auth:sanctum|tenant|financial.protection|branch.scope|subscription|permission:subscriptions.manage,subscriptions.manage,yes,no,no,not_applicable,non_transition_mutation,low-medium
GET,/api/v1/bays,"App\Http\Controllers\Api\V1\BayController@index",api|auth:sanctum|tenant|financial.protection|branch.scope|subscription,,no,no,no,not_applicable,read_only_route,low
POST,/api/v1/bays,"App\Http\Controllers\Api\V1\BayController@store",api|auth:sanctum|tenant|financial.protection|branch.scope|subscription|permission:work_orders.update,work_orders.update,yes,no,no,not_applicable,non_transition_mutation,low-medium
PATCH,/api/v1/bays/{id}/status,"App\Http\Controllers\Api\V1\BayController@updateStatus",api|auth:sanctum|tenant|financial.protection|branch.scope|subscription|permission:work_orders.update,work_orders.update,yes,no,no,transition_guard_present,controller_transition_check_detected,low-medium
GET,/api/v1/bookings,"App\Http\Controllers\Api\V1\BayController@listBookings",api|auth:sanctum|tenant|financial.protection|branch.scope|subscription,,no,no,no,not_applicable,read_only_route,low
POST,/api/v1/bookings,"App\Http\Controllers\Api\V1\BayController@storeBooking",api|auth:sanctum|tenant|financial.protection|branch.scope|subscription|permission:work_orders.update,work_orders.update,yes,no,no,not_applicable,non_transition_mutation,low-medium
PATCH,/api/v1/bookings/{id},"App\Http\Controllers\Api\V1\BayController@updateBooking",api|auth:sanctum|tenant|financial.protection|branch.scope|subscription|permission:work_orders.update,work_orders.update,yes,no,no,not_applicable,non_transition_mutation,low-medium
POST,/api/v1/bookings/availability,"App\Http\Controllers\Api\V1\BayController@checkAvailability",api|auth:sanctum|tenant|financial.protection|branch.scope|subscription|permission:work_orders.update,work_orders.update,yes,no,no,not_applicable,non_transition_mutation,low-medium
GET,/api/v1/bays/heatmap,"App\Http\Controllers\Api\V1\BayController@heatmap",api|auth:sanctum|tenant|financial.protection|branch.scope|subscription,,no,no,no,not_applicable,read_only_route,low
GET,/api/v1/workshop/employees/stats,"App\Http\Controllers\Api\V1\WorkshopController@employeeStats",api|auth:sanctum|tenant|financial.protection|branch.scope|subscription,,no,no,no,not_applicable,read_only_route,low
GET,/api/v1/workshop/employees,"App\Http\Controllers\Api\V1\WorkshopController@listEmployees",api|auth:sanctum|tenant|financial.protection|branch.scope|subscription,,no,no,no,not_applicable,read_only_route,low
POST,/api/v1/workshop/employees,"App\Http\Controllers\Api\V1\WorkshopController@storeEmployee",api|auth:sanctum|tenant|financial.protection|branch.scope|subscription|permission:users.update,users.update,yes,no,no,not_applicable,non_transition_mutation,low-medium
GET,/api/v1/workshop/employees/{id},"App\Http\Controllers\Api\V1\WorkshopController@showEmployee",api|auth:sanctum|tenant|financial.protection|branch.scope|subscription,,no,no,no,not_applicable,read_only_route,low
PUT,/api/v1/workshop/employees/{id},"App\Http\Controllers\Api\V1\WorkshopController@updateEmployee",api|auth:sanctum|tenant|financial.protection|branch.scope|subscription|permission:users.update,users.update,yes,no,no,not_applicable,non_transition_mutation,low-medium
POST,/api/v1/workshop/attendance/check-in,"App\Http\Controllers\Api\V1\WorkshopController@checkIn",api|auth:sanctum|tenant|financial.protection|branch.scope|subscription|permission:users.update,users.update,yes,no,no,not_applicable,non_transition_mutation,low-medium
POST,/api/v1/workshop/attendance/check-out,"App\Http\Controllers\Api\V1\WorkshopController@checkOut",api|auth:sanctum|tenant|financial.protection|branch.scope|subscription|permission:users.update,users.update,yes,no,no,not_applicable,non_transition_mutation,low-medium
GET,/api/v1/workshop/attendance/today,"App\Http\Controllers\Api\V1\WorkshopController@attendanceTodayAll",api|auth:sanctum|tenant|financial.protection|branch.scope|subscription,,no,no,no,not_applicable,read_only_route,low
GET,/api/v1/workshop/attendance/month-all,"App\Http\Controllers\Api\V1\WorkshopController@attendanceMonthAll",api|auth:sanctum|tenant|financial.protection|branch.scope|subscription,,no,no,no,not_applicable,read_only_route,low
GET,/api/v1/workshop/attendance/{employeeId}/today,"App\Http\Controllers\Api\V1\WorkshopController@attendanceToday",api|auth:sanctum|tenant|financial.protection|branch.scope|subscription,,no,no,no,not_applicable,read_only_route,low
GET,/api/v1/workshop/attendance/{employeeId}/month,"App\Http\Controllers\Api\V1\WorkshopController@attendanceMonth",api|auth:sanctum|tenant|financial.protection|branch.scope|subscription,,no,no,no,not_applicable,read_only_route,low
GET,/api/v1/workshop/attendance/{employeeId}/logs,"App\Http\Controllers\Api\V1\WorkshopController@attendanceLogs",api|auth:sanctum|tenant|financial.protection|branch.scope|subscription,,no,no,no,not_applicable,read_only_route,low
GET,/api/v1/workshop/tasks,"App\Http\Controllers\Api\V1\WorkshopController@listTasks",api|auth:sanctum|tenant|financial.protection|branch.scope|subscription,,no,no,no,not_applicable,read_only_route,low
POST,/api/v1/workshop/tasks,"App\Http\Controllers\Api\V1\WorkshopController@storeTask",api|auth:sanctum|tenant|financial.protection|branch.scope|subscription|permission:users.update,users.update,yes,no,no,not_applicable,non_transition_mutation,low-medium
PATCH,/api/v1/workshop/tasks/{id}/status,"App\Http\Controllers\Api\V1\WorkshopController@updateTaskStatus",api|auth:sanctum|tenant|financial.protection|branch.scope|subscription|permission:users.update,users.update,yes,no,no,transition_guard_present,controller_transition_check_detected,low-medium
GET,/api/v1/workshop/tasks/stats,"App\Http\Controllers\Api\V1\WorkshopController@taskStats",api|auth:sanctum|tenant|financial.protection|branch.scope|subscription,,no,no,no,not_applicable,read_only_route,low
GET,/api/v1/workshop/tasks/smart-summary,"App\Http\Controllers\Api\V1\WorkshopController@smartTaskSummary",api|auth:sanctum|tenant|financial.protection|branch.scope|subscription,,no,no,no,not_applicable,read_only_route,low
GET,/api/v1/workshop/tasks/suggested-assignees,"App\Http\Controllers\Api\V1\WorkshopController@suggestTaskAssignees",api|auth:sanctum|tenant|financial.protection|branch.scope|subscription,,no,no,no,not_applicable,read_only_route,low
GET,/api/v1/workshop/communications,"App\Http\Controllers\Api\V1\AdminCommunicationController@index",api|auth:sanctum|tenant|financial.protection|branch.scope|subscription,,no,yes,no,not_applicable,read_only_route,low
POST,/api/v1/workshop/communications,"App\Http\Controllers\Api\V1\AdminCommunicationController@store",api|auth:sanctum|tenant|financial.protection|branch.scope|subscription,,yes,yes,no,not_applicable,non_transition_mutation,low-medium
PUT,/api/v1/workshop/communications/{id},"App\Http\Controllers\Api\V1\AdminCommunicationController@update",api|auth:sanctum|tenant|financial.protection|branch.scope|subscription,,yes,yes,no,not_applicable,non_transition_mutation,low-medium
POST,/api/v1/workshop/communications/{id}/submit,"App\Http\Controllers\Api\V1\AdminCommunicationController@submit",api|auth:sanctum|tenant|financial.protection|branch.scope|subscription,,yes,yes,no,not_applicable,non_transition_mutation,low-medium
POST,/api/v1/workshop/communications/{id}/transfer,"App\Http\Controllers\Api\V1\AdminCommunicationController@transfer",api|auth:sanctum|tenant|financial.protection|branch.scope|subscription,,yes,yes,no,not_applicable,non_transition_mutation,low-medium
POST,/api/v1/workshop/communications/{id}/request-signature,"App\Http\Controllers\Api\V1\AdminCommunicationController@requestSignature",api|auth:sanctum|tenant|financial.protection|branch.scope|subscription,,yes,yes,no,not_applicable,non_transition_mutation,low-medium
POST,/api/v1/workshop/communications/{id}/sign,"App\Http\Controllers\Api\V1\AdminCommunicationController@sign",api|auth:sanctum|tenant|financial.protection|branch.scope|subscription,,yes,yes,no,not_applicable,non_transition_mutation,low-medium
POST,/api/v1/workshop/communications/{id}/archive,"App\Http\Controllers\Api\V1\AdminCommunicationController@archive",api|auth:sanctum|tenant|financial.protection|branch.scope|subscription,,yes,yes,no,not_applicable,non_transition_mutation,low-medium
POST,/api/v1/workshop/communications/{id}/restore,"App\Http\Controllers\Api\V1\AdminCommunicationController@restore",api|auth:sanctum|tenant|financial.protection|branch.scope|subscription,,yes,yes,no,not_applicable,non_transition_mutation,low-medium
GET,/api/v1/workshop/commissions,"App\Http\Controllers\Api\V1\WorkshopController@listCommissions",api|auth:sanctum|tenant|financial.protection|branch.scope|subscription,,no,no,no,not_applicable,read_only_route,low
GET,/api/v1/workshop/commission-rules,"App\Http\Controllers\Api\V1\WorkshopController@listCommissionRules",api|auth:sanctum|tenant|financial.protection|branch.scope|subscription,,no,no,no,not_applicable,read_only_route,low
POST,/api/v1/workshop/commission-rules,"App\Http\Controllers\Api\V1\WorkshopController@storeCommissionRule",api|auth:sanctum|tenant|financial.protection|branch.scope|subscription|permission:users.update,users.update,yes,no,no,not_applicable,non_transition_mutation,low-medium
PUT,/api/v1/workshop/commission-rules/{id},"App\Http\Controllers\Api\V1\WorkshopController@updateCommissionRule",api|auth:sanctum|tenant|financial.protection|branch.scope|subscription|permission:users.update,users.update,yes,no,no,not_applicable,non_transition_mutation,low-medium
DELETE,/api/v1/workshop/commission-rules/{id},"App\Http\Controllers\Api\V1\WorkshopController@deleteCommissionRule",api|auth:sanctum|tenant|financial.protection|branch.scope|subscription|permission:users.update,users.update,yes,no,no,not_applicable,non_transition_mutation,low-medium
POST,/api/v1/workshop/commissions/{id}/pay,"App\Http\Controllers\Api\V1\WorkshopController@payCommission",api|auth:sanctum|tenant|financial.protection|branch.scope|subscription|permission:users.update,users.update,yes,no,no,not_applicable,non_transition_mutation,low-medium
GET,/api/v1/governance/policies,"App\Http\Controllers\Api\V1\GovernanceController@listPolicies",api|auth:sanctum|tenant|financial.protection|subscription|permission:users.update,users.update,yes,no,no,not_applicable,read_only_route,low-medium
POST,/api/v1/governance/policies,"App\Http\Controllers\Api\V1\GovernanceController@storePolicy",api|auth:sanctum|tenant|financial.protection|subscription|permission:users.update,users.update,yes,no,no,not_applicable,non_transition_mutation,low-medium
DELETE,/api/v1/governance/policies/{id},"App\Http\Controllers\Api\V1\GovernanceController@deletePolicy",api|auth:sanctum|tenant|financial.protection|subscription|permission:users.update,users.update,yes,no,no,not_applicable,non_transition_mutation,low-medium
POST,/api/v1/governance/policies/evaluate,"App\Http\Controllers\Api\V1\GovernanceController@evaluatePolicy",api|auth:sanctum|tenant|financial.protection|subscription|permission:users.update,users.update,yes,no,no,not_applicable,non_transition_mutation,low-medium
GET,/api/v1/governance/workflows,"App\Http\Controllers\Api\V1\GovernanceController@listWorkflows",api|auth:sanctum|tenant|financial.protection|subscription|permission:users.update,users.update,yes,no,no,not_applicable,read_only_route,low-medium
POST,/api/v1/governance/workflows/{id}/approve,"App\Http\Controllers\Api\V1\GovernanceController@approveWorkflow",api|auth:sanctum|tenant|financial.protection|subscription|permission:users.update,users.update,yes,no,no,transition_guard_present,controller_transition_check_detected,low-medium
POST,/api/v1/governance/workflows/{id}/reject,"App\Http\Controllers\Api\V1\GovernanceController@rejectWorkflow",api|auth:sanctum|tenant|financial.protection|subscription|permission:users.update,users.update,yes,no,no,transition_guard_present,controller_transition_check_detected,low-medium
GET,/api/v1/governance/audit-logs,"App\Http\Controllers\Api\V1\GovernanceController@auditLogs",api|auth:sanctum|tenant|financial.protection|subscription|permission:users.update,users.update,yes,no,no,not_applicable,read_only_route,low-medium
GET,/api/v1/governance/alert-rules,"App\Http\Controllers\Api\V1\GovernanceController@listAlertRules",api|auth:sanctum|tenant|financial.protection|subscription|permission:users.update,users.update,yes,no,no,not_applicable,read_only_route,low-medium
POST,/api/v1/governance/alert-rules,"App\Http\Controllers\Api\V1\GovernanceController@storeAlertRule",api|auth:sanctum|tenant|financial.protection|subscription|permission:users.update,users.update,yes,no,no,not_applicable,non_transition_mutation,low-medium
GET,/api/v1/governance/alerts/me,"App\Http\Controllers\Api\V1\GovernanceController@myAlerts",api|auth:sanctum|tenant|financial.protection|subscription|permission:users.update,users.update,yes,no,no,not_applicable,read_only_route,low-medium
POST,/api/v1/governance/alerts/mark-read,"App\Http\Controllers\Api\V1\GovernanceController@markAlertsRead",api|auth:sanctum|tenant|financial.protection|subscription|permission:users.update,users.update,yes,no,no,not_applicable,non_transition_mutation,low-medium
GET,/api/v1/governance/contracts,"App\Http\Controllers\Api\V1\ContractController@index",api|auth:sanctum|tenant|financial.protection|subscription|permission:users.update,users.update,yes,no,no,not_applicable,read_only_route,low-medium
POST,/api/v1/governance/contracts,"App\Http\Controllers\Api\V1\ContractController@store",api|auth:sanctum|tenant|financial.protection|subscription|permission:users.update,users.update,yes,no,no,not_applicable,non_transition_mutation,low-medium
GET,/api/v1/governance/contracts/{contract},"App\Http\Controllers\Api\V1\ContractController@show",api|auth:sanctum|tenant|financial.protection|subscription|permission:users.update,users.update,yes,no,no,not_applicable,read_only_route,low-medium
PUT,/api/v1/governance/contracts/{contract},"App\Http\Controllers\Api\V1\ContractController@update",api|auth:sanctum|tenant|financial.protection|subscription|permission:users.update,users.update,yes,no,no,not_applicable,non_transition_mutation,low-medium
DELETE,/api/v1/governance/contracts/{contract},"App\Http\Controllers\Api\V1\ContractController@destroy",api|auth:sanctum|tenant|financial.protection|subscription|permission:users.update,users.update,yes,no,no,not_applicable,non_transition_mutation,low-medium
POST,/api/v1/governance/contracts/{contract}/upload-document,"App\Http\Controllers\Api\V1\ContractController@uploadDocument",api|auth:sanctum|tenant|financial.protection|subscription|permission:users.update,users.update,yes,no,no,not_applicable,non_transition_mutation,low-medium
POST,/api/v1/governance/contracts/{contract}/send-for-signature,"App\Http\Controllers\Api\V1\ContractController@sendForSignature",api|auth:sanctum|tenant|financial.protection|subscription|permission:users.update,users.update,yes,no,no,not_applicable,non_transition_mutation,low-medium
GET,/api/v1/governance/contracts-expiring,"App\Http\Controllers\Api\V1\ContractController@expiringContracts",api|auth:sanctum|tenant|financial.protection|subscription|permission:users.update,users.update,yes,no,no,not_applicable,read_only_route,low-medium
POST,/api/v1/governance/products/import,"App\Http\Controllers\Api\V1\ImportController@importProducts",api|auth:sanctum|tenant|financial.protection|subscription|permission:users.update,users.update,yes,no,no,not_applicable,non_transition_mutation,low-medium
POST,/api/v1/governance/vehicles/import,"App\Http\Controllers\Api\V1\ImportController@importVehicles",api|auth:sanctum|tenant|financial.protection|subscription|permission:users.update,users.update,yes,no,no,not_applicable,non_transition_mutation,low-medium
GET,/api/v1/governance/products/template,"App\Http\Controllers\Api\V1\ImportController@productsTemplate",api|auth:sanctum|tenant|financial.protection|subscription|permission:users.update,users.update,yes,no,no,not_applicable,read_only_route,low-medium
GET,/api/v1/governance/vehicles/template,"App\Http\Controllers\Api\V1\ImportController@vehiclesTemplate",api|auth:sanctum|tenant|financial.protection|subscription|permission:users.update,users.update,yes,no,no,not_applicable,read_only_route,low-medium
GET,/api/v1/governance/fuel,"App\Http\Controllers\Api\V1\FuelController@index",api|auth:sanctum|tenant|financial.protection|subscription|permission:users.update,users.update,yes,no,no,not_applicable,read_only_route,low-medium
POST,/api/v1/governance/fuel,"App\Http\Controllers\Api\V1\FuelController@store",api|auth:sanctum|tenant|financial.protection|subscription|permission:users.update|idempotent,users.update,yes,no,no,not_applicable,non_transition_mutation,low-medium
DELETE,/api/v1/governance/fuel/{id},"App\Http\Controllers\Api\V1\FuelController@destroy",api|auth:sanctum|tenant|financial.protection|subscription|permission:users.update,users.update,yes,no,no,not_applicable,non_transition_mutation,low-medium
GET,/api/v1/governance/fuel/stats,"App\Http\Controllers\Api\V1\FuelController@stats",api|auth:sanctum|tenant|financial.protection|subscription|permission:users.update,users.update,yes,no,no,not_applicable,read_only_route,low-medium
GET,/api/v1/governance/vehicles/{id}/settings,"App\Http\Controllers\Api\V1\FuelController@getSettings",api|auth:sanctum|tenant|financial.protection|subscription|permission:users.update,users.update,yes,no,no,not_applicable,read_only_route,low-medium
PUT,/api/v1/governance/vehicles/{id}/settings,"App\Http\Controllers\Api\V1\FuelController@saveSettings",api|auth:sanctum|tenant|financial.protection|subscription|permission:users.update,users.update,yes,no,no,not_applicable,non_transition_mutation,low-medium
GET,/api/v1/governance/vehicles/{id}/documents,"App\Http\Controllers\Api\V1\FuelController@getDocuments",api|auth:sanctum|tenant|financial.protection|subscription|permission:users.update,users.update,yes,no,no,not_applicable,read_only_route,low-medium
POST,/api/v1/governance/vehicles/{id}/documents,"App\Http\Controllers\Api\V1\FuelController@uploadDocument",api|auth:sanctum|tenant|financial.protection|subscription|permission:users.update,users.update,yes,no,no,not_applicable,non_transition_mutation,low-medium
DELETE,/api/v1/governance/vehicles/{vehicleId}/documents/{docId},"App\Http\Controllers\Api\V1\FuelController@deleteDocument",api|auth:sanctum|tenant|financial.protection|subscription|permission:users.update,users.update,yes,no,no,not_applicable,non_transition_mutation,low-medium
POST,/api/v1/governance/employees/import,"App\Http\Controllers\Api\V1\ImportController@importEmployees",api|auth:sanctum|tenant|financial.protection|subscription|permission:users.update,users.update,yes,no,no,not_applicable,non_transition_mutation,low-medium
POST,/api/v1/governance/ocr/plate,"App\Http\Controllers\Api\V1\OcrController@scanPlate",api|auth:sanctum|tenant|financial.protection|subscription|permission:users.update,users.update,yes,no,no,not_applicable,non_transition_mutation,low-medium
POST,/api/v1/governance/ocr/invoice,"App\Http\Controllers\Api\V1\OcrController@scanInvoice",api|auth:sanctum|tenant|financial.protection|subscription|permission:users.update,users.update,yes,no,no,not_applicable,non_transition_mutation,low-medium
GET,/api/v1/governance/leaves,"App\Http\Controllers\Api\V1\LeaveController@index",api|auth:sanctum|tenant|financial.protection|subscription|permission:users.update,users.update,yes,no,no,not_applicable,read_only_route,low-medium
POST,/api/v1/governance/leaves,"App\Http\Controllers\Api\V1\LeaveController@store",api|auth:sanctum|tenant|financial.protection|subscription|permission:users.update,users.update,yes,no,no,not_applicable,non_transition_mutation,low-medium
POST,/api/v1/governance/leaves/{id}/approve,"App\Http\Controllers\Api\V1\LeaveController@approve",api|auth:sanctum|tenant|financial.protection|subscription|permission:users.update,users.update,yes,no,no,transition_guard_present,controller_transition_check_detected,low-medium
POST,/api/v1/governance/leaves/{id}/reject,"App\Http\Controllers\Api\V1\LeaveController@reject",api|auth:sanctum|tenant|financial.protection|subscription|permission:users.update,users.update,yes,no,no,transition_guard_present,controller_transition_check_detected,low-medium
DELETE,/api/v1/governance/leaves/{id},"App\Http\Controllers\Api\V1\LeaveController@destroy",api|auth:sanctum|tenant|financial.protection|subscription|permission:users.update,users.update,yes,no,no,not_applicable,non_transition_mutation,low-medium
GET,/api/v1/governance/salaries,"App\Http\Controllers\Api\V1\SalaryController@index",api|auth:sanctum|tenant|financial.protection|subscription|permission:users.update,users.update,yes,no,no,not_applicable,read_only_route,low-medium
POST,/api/v1/governance/salaries,"App\Http\Controllers\Api\V1\SalaryController@store",api|auth:sanctum|tenant|financial.protection|subscription|permission:users.update,users.update,yes,no,no,not_applicable,non_transition_mutation,low-medium
POST,/api/v1/governance/salaries/{id}/approve,"App\Http\Controllers\Api\V1\SalaryController@approve",api|auth:sanctum|tenant|financial.protection|subscription|permission:users.update,users.update,yes,no,no,transition_guard_present,controller_transition_check_detected,low-medium
POST,/api/v1/governance/salaries/{id}/pay,"App\Http\Controllers\Api\V1\SalaryController@pay",api|auth:sanctum|tenant|financial.protection|subscription|permission:users.update,users.update,yes,no,no,not_applicable,non_transition_mutation,low-medium
GET,/api/v1/governance/salaries/summary,"App\Http\Controllers\Api\V1\SalaryController@summary",api|auth:sanctum|tenant|financial.protection|subscription|permission:users.update,users.update,yes,no,no,not_applicable,read_only_route,low-medium
GET,/api/v1/governance/referrals,"App\Http\Controllers\Api\V1\ReferralController@index",api|auth:sanctum|tenant|financial.protection|subscription|permission:users.update,users.update,yes,no,no,not_applicable,read_only_route,low-medium
POST,/api/v1/governance/referrals/generate,"App\Http\Controllers\Api\V1\ReferralController@generate",api|auth:sanctum|tenant|financial.protection|subscription|permission:users.update,users.update,yes,no,no,not_applicable,non_transition_mutation,low-medium
GET,/api/v1/governance/referrals/policy,"App\Http\Controllers\Api\V1\ReferralController@getPolicy",api|auth:sanctum|tenant|financial.protection|subscription|permission:users.update,users.update,yes,no,no,not_applicable,read_only_route,low-medium
PUT,/api/v1/governance/referrals/policy,"App\Http\Controllers\Api\V1\ReferralController@savePolicy",api|auth:sanctum|tenant|financial.protection|subscription|permission:users.update,users.update,yes,no,no,not_applicable,non_transition_mutation,low-medium
GET,/api/v1/governance/loyalty/customer/{id},"App\Http\Controllers\Api\V1\ReferralController@customerPoints",api|auth:sanctum|tenant|financial.protection|subscription|permission:users.update,users.update,yes,no,no,not_applicable,read_only_route,low-medium
POST,/api/v1/governance/loyalty/redeem,"App\Http\Controllers\Api\V1\ReferralController@redeemPoints",api|auth:sanctum|tenant|financial.protection|subscription|permission:users.update,users.update,yes,no,no,not_applicable,non_transition_mutation,low-medium
GET,/api/v1/governance/loyalty/leaderboard,"App\Http\Controllers\Api\V1\ReferralController@leaderboard",api|auth:sanctum|tenant|financial.protection|subscription|permission:users.update,users.update,yes,no,no,not_applicable,read_only_route,low-medium
GET,/api/v1/support/tickets,"App\Http\Controllers\Api\V1\SupportController@indexTickets",api|auth:sanctum|tenant|financial.protection|branch.scope|subscription,,yes,no,no,not_applicable,read_only_route,low-medium
POST,/api/v1/support/tickets,"App\Http\Controllers\Api\V1\SupportController@storeTicket",api|auth:sanctum|tenant|financial.protection|branch.scope|subscription|permission:users.update,users.update,yes,no,no,not_applicable,non_transition_mutation,low-medium
GET,/api/v1/support/tickets/{id},"App\Http\Controllers\Api\V1\SupportController@showTicket",api|auth:sanctum|tenant|financial.protection|branch.scope|subscription,,yes,no,no,not_applicable,read_only_route,low-medium
PUT,/api/v1/support/tickets/{id},"App\Http\Controllers\Api\V1\SupportController@updateTicket",api|auth:sanctum|tenant|financial.protection|branch.scope|subscription|permission:users.update,users.update,yes,no,no,not_applicable,non_transition_mutation,low-medium
PATCH,/api/v1/support/tickets/{id}/status,"App\Http\Controllers\Api\V1\SupportController@changeStatus",api|auth:sanctum|tenant|financial.protection|branch.scope|subscription|permission:users.update,users.update,yes,no,no,transition_guard_present,controller_transition_check_detected,low-medium
POST,/api/v1/support/tickets/{id}/replies,"App\Http\Controllers\Api\V1\SupportController@storeReply",api|auth:sanctum|tenant|financial.protection|branch.scope|subscription|permission:users.update,users.update,yes,no,no,not_applicable,non_transition_mutation,low-medium
POST,/api/v1/support/tickets/{id}/rate,"App\Http\Controllers\Api\V1\SupportController@rateSatisfaction",api|auth:sanctum|tenant|financial.protection|branch.scope|subscription|permission:users.update,users.update,yes,no,no,not_applicable,non_transition_mutation,low-medium
GET,/api/v1/support/stats,"App\Http\Controllers\Api\V1\SupportController@stats",api|auth:sanctum|tenant|financial.protection|branch.scope|subscription,,yes,no,no,not_applicable,read_only_route,low-medium
GET,/api/v1/support/sla-policies,"App\Http\Controllers\Api\V1\SupportController@indexSla",api|auth:sanctum|tenant|financial.protection|branch.scope|subscription,,yes,no,no,not_applicable,read_only_route,low-medium
POST,/api/v1/support/sla-policies,"App\Http\Controllers\Api\V1\SupportController@storeSla",api|auth:sanctum|tenant|financial.protection|branch.scope|subscription|permission:users.update,users.update,yes,no,no,not_applicable,non_transition_mutation,low-medium
PUT,/api/v1/support/sla-policies/{id},"App\Http\Controllers\Api\V1\SupportController@updateSla",api|auth:sanctum|tenant|financial.protection|branch.scope|subscription|permission:users.update,users.update,yes,no,no,not_applicable,non_transition_mutation,low-medium
POST,/api/v1/support/sla/check-breaches,"App\Http\Controllers\Api\V1\SupportController@checkSlaBreaches",api|auth:sanctum|tenant|financial.protection|branch.scope|subscription|permission:users.update,users.update,yes,no,no,not_applicable,non_transition_mutation,low-medium
GET,/api/v1/support/kb,"App\Http\Controllers\Api\V1\SupportController@indexKb",api|auth:sanctum|tenant|financial.protection|branch.scope|subscription,,yes,no,no,not_applicable,read_only_route,low-medium
POST,/api/v1/support/kb,"App\Http\Controllers\Api\V1\SupportController@storeKb",api|auth:sanctum|tenant|financial.protection|branch.scope|subscription|permission:users.update,users.update,yes,no,no,not_applicable,non_transition_mutation,low-medium
PUT,/api/v1/support/kb/{id},"App\Http\Controllers\Api\V1\SupportController@updateKb",api|auth:sanctum|tenant|financial.protection|branch.scope|subscription|permission:users.update,users.update,yes,no,no,not_applicable,non_transition_mutation,low-medium
POST,/api/v1/support/kb/{id}/vote,"App\Http\Controllers\Api\V1\SupportController@voteKb",api|auth:sanctum|tenant|financial.protection|branch.scope|subscription|permission:users.update,users.update,yes,no,no,not_applicable,non_transition_mutation,low-medium
GET,/api/v1/support/kb/search,"App\Http\Controllers\Api\V1\SupportController@searchKb",api|auth:sanctum|tenant|financial.protection|branch.scope|subscription,,yes,no,no,not_applicable,read_only_route,low-medium
GET,/api/v1/support/kb-categories,"App\Http\Controllers\Api\V1\SupportController@indexKbCategories",api|auth:sanctum|tenant|financial.protection|branch.scope|subscription,,yes,no,no,not_applicable,read_only_route,low-medium
POST,/api/v1/support/kb-categories,"App\Http\Controllers\Api\V1\SupportController@storeKbCategory",api|auth:sanctum|tenant|financial.protection|branch.scope|subscription|permission:users.update,users.update,yes,no,no,not_applicable,non_transition_mutation,low-medium
GET,/api/v1/zatca/status,"App\Http\Controllers\Api\V1\ZatcaController@status",api|auth:sanctum|tenant|financial.protection|branch.scope|subscription,,no,no,no,not_applicable,read_only_route,low
GET,/api/v1/zatca/logs,"App\Http\Controllers\Api\V1\ZatcaController@logs",api|auth:sanctum|tenant|financial.protection|branch.scope|subscription,,no,no,no,not_applicable,read_only_route,low
POST,/api/v1/zatca/submit,"App\Http\Controllers\Api\V1\ZatcaController@submit",api|auth:sanctum|tenant|financial.protection|branch.scope|subscription|permission:invoices.update,invoices.update,yes,no,no,not_applicable,non_transition_mutation,low-medium
GET,/api/v1/notifications,"App\Http\Controllers\Api\V1\NotificationController@index",api|auth:sanctum|tenant|financial.protection|branch.scope|subscription,,no,no,no,not_applicable,read_only_route,low
PUT,/api/v1/notifications/{id}/read,"App\Http\Controllers\Api\V1\NotificationController@markRead",api|auth:sanctum|tenant|financial.protection|branch.scope|subscription|permission:users.update,users.update,yes,no,no,not_applicable,non_transition_mutation,low-medium
PUT,/api/v1/notifications/read-all,"App\Http\Controllers\Api\V1\NotificationController@markAllRead",api|auth:sanctum|tenant|financial.protection|branch.scope|subscription|permission:users.update,users.update,yes,no,no,not_applicable,non_transition_mutation,low-medium
GET,/api/v1/customer-portal/dashboard,"App\Http\Controllers\Api\V1\CustomerPortalController@dashboard",api|auth:sanctum|tenant|financial.protection|branch.scope|subscription,,no,no,no,not_applicable,read_only_route,low
POST,/api/v1/external/v1/invoices,"App\Http\Controllers\Api\V1\External\ExternalInvoiceController@store",api|auth.apikey|api.log|financial.protection|subscription|idempotent,,yes,no,yes,not_applicable,non_transition_mutation,low-medium
GET,/api/v1/external/v1/invoices/{uuid},"App\Http\Controllers\Api\V1\External\ExternalInvoiceController@show",api|auth.apikey|api.log|financial.protection|subscription,,yes,no,no,not_applicable,read_only_route,low-medium
GET,/api/v1/plugins,"App\Http\Controllers\Api\V1\PluginController@index",api|auth:sanctum|tenant|financial.protection|branch.scope|subscription,,yes,no,no,not_applicable,read_only_route,low-medium
GET,/api/v1/plugins/tenant,"App\Http\Controllers\Api\V1\PluginController@tenantPlugins",api|auth:sanctum|tenant|financial.protection|branch.scope|subscription,,yes,no,no,not_applicable,read_only_route,low-medium
GET,/api/v1/plugins/{key},"App\Http\Controllers\Api\V1\PluginController@show",api|auth:sanctum|tenant|financial.protection|branch.scope|subscription,,yes,no,no,not_applicable,read_only_route,low-medium
POST,/api/v1/plugins/{key}/install,"App\Http\Controllers\Api\V1\PluginController@install",api|auth:sanctum|tenant|financial.protection|branch.scope|subscription|permission:users.update,users.update,yes,no,no,not_applicable,non_transition_mutation,low-medium
DELETE,/api/v1/plugins/{key}/uninstall,"App\Http\Controllers\Api\V1\PluginController@uninstall",api|auth:sanctum|tenant|financial.protection|branch.scope|subscription|permission:users.update,users.update,yes,no,no,not_applicable,non_transition_mutation,low-medium
PUT,/api/v1/plugins/{key}/configure,"App\Http\Controllers\Api\V1\PluginController@configure",api|auth:sanctum|tenant|financial.protection|branch.scope|subscription|permission:users.update,users.update,yes,no,no,not_applicable,non_transition_mutation,low-medium
POST,/api/v1/plugins/{key}/execute,"App\Http\Controllers\Api\V1\PluginController@execute",api|auth:sanctum|tenant|financial.protection|branch.scope|subscription|permission:users.update,users.update,yes,no,no,not_applicable,non_transition_mutation,low-medium
GET,/up,Closure,,,no,no,no,not_applicable,read_only_route,low
